postal_code,municipality_code,NUTS3
8055,60101,AT221
1200,90001,AT130
1020,90001,AT130
1180,90001,AT130
4400,40201,AT314
1100,90001,AT130
2700,30401,AT122
5020,50101,AT323
1120,90001,AT130
9500,20201,AT211
6923,80224,AT342
1220,90001,AT130
1110,90001,AT130
4020,40101,AT312
4030,40101,AT312
1210,90001,AT130
2444,30633,AT127
9800,20635,AT212
1060,90001,AT130
4053,41002,AT312
6020,70101,AT332
2301,30821,AT126
2500,30604,AT127
1070,90001,AT130
1160,90001,AT130
8010,60101,AT221
8181,61765,AT224
6430,70202,AT334
8074,60667,AT221
5350,50336,AT323
1140,90001,AT130
8685,62131,AT223
2231,30856,AT126
7452,10803,AT111
5700,50628,AT322
8020,60101,AT221
8102,60645,AT221
8605,62140,AT223
2011,31226,AT126
5101,50303,AT323
7550,10419,AT113
1030,90001,AT130
8794,61118,AT223
5400,50205,AT323
4614,41812,AT312
9400,20923,AT213
1170,90001,AT130
1090,90001,AT130
6700,80103,AT341
1190,90001,AT130
5632,50405,AT322
3341,30543,AT121
3264,32004,AT121
3001,31950,AT126
4632,41816,AT312
5111,50305,AT323
1230,90001,AT130
9560,21002,AT212
9564,21007,AT212
1040,90001,AT130
3464,31208,AT126
3004,32131,AT126
6719,80104,AT341
1130,90001,AT130
5071,50338,AT323
1050,90001,AT130
6971,80215,AT342
2563,30627,AT122
6845,80302,AT342
2361,31715,AT127
2482,31718,AT127
6162,70331,AT332
4813,40701,AT315
8041,60101,AT221
6112,70367,AT332
3474,32114,AT126
4600,40301,AT312
9020,20101,AT211
8720,62041,AT226
6850,80301,AT342
4060,41012,AT312
6793,80110,AT341
6632,70807,AT331
4040,40101,AT312
6370,70411,AT335
5161,50308,AT323
5753,50618,AT322
2412,30728,AT127
5280,40404,AT311
2560,30605,AT122
9524,20201,AT211
6330,70513,AT335
4320,41116,AT313
4311,41124,AT313
4810,40705,AT315
1150,90001,AT130
5541,50401,AT322
9920,70728,AT333
8152,61611,AT225
8753,62007,AT226
4372,41119,AT313
4861,41737,AT315
6837,80423,AT342
5431,50207,AT323
4261,40615,AT313
6346,70519,AT335
6622,70802,AT331
6170,70369,AT332
6450,70220,AT334
2454,30726,AT127
6841,80412,AT342
4864,41702,AT315
2284,30858,AT126
8054,60101,AT221
8700,61108,AT223
8591,61632,AT225
4400,41514,AT314
4113,41332,AT313
3500,30101,AT124
3943,30935,AT124
4712,40815,AT311
5023,50101,AT323
2492,32305,AT122
8430,61053,AT225
8047,60101,AT221
5151,50325,AT323
1080,90001,AT130
8053,60101,AT221
3100,30201,AT123
7503,10905,AT113
7400,10917,AT113
4252,40611,AT313
7411,10912,AT113
3400,32144,AT126
2421,10711,AT112
6900,80207,AT342
3131,31913,AT123
3170,31403,AT122
4753,41231,AT311
6391,70403,AT335
5440,50204,AT323
4481,41003,AT312
4210,41607,AT312
2514,30639,AT127
4470,41005,AT312
3423,32142,AT126
2201,31235,AT126
6345,70412,AT335
6353,70404,AT335
6176,70364,AT332
6830,80414,AT342
8790,61101,AT223
6580,70621,AT334
6121,70305,AT332
2340,31717,AT127
8101,60613,AT221
2320,30740,AT127
8051,60101,AT221
8190,61757,AT224
2432,30739,AT127
6233,70512,AT335
4690,41738,AT315
4800,41703,AT315
4616,41824,AT312
5110,50326,AT323
9112,20808,AT213
8650,62141,AT223
1010,90001,AT130
4391,41125,AT313
2304,30834,AT126
9131,20409,AT211
4484,41011,AT312
6334,70525,AT335
5582,50509,AT321
6300,70531,AT335
7432,10916,AT113
2441,30621,AT127
8493,62335,AT224
3710,31053,AT125
4061,41017,AT312
4563,40908,AT314
8052,60101,AT221
4650,41811,AT312
6456,70220,AT334
2241,30852,AT126
2263,30811,AT125
9100,20817,AT213
4600,41823,AT312
3354,30542,AT121
9581,20711,AT211
2052,31033,AT125
9431,20923,AT213
4240,40601,AT313
5202,50324,AT323
9181,20403,AT211
9184,20722,AT211
2424,10724,AT112
1300,30740,AT127
6600,70828,AT331
2225,30863,AT125
2443,10306,AT112
5660,50622,AT322
4910,41225,AT311
4652,41807,AT312
3580,31109,AT124
2051,31052,AT125
6752,80108,AT341
4880,41734,AT315
7000,10101,AT112
5640,50403,AT322
3970,30942,AT124
7540,10405,AT113
8230,62244,AT224
2630,31839,AT122
6281,70912,AT335
8600,62139,AT223
8044,60101,AT221
8043,60101,AT221
3133,31943,AT123
6382,70410,AT335
4209,41605,AT312
9375,20511,AT213
4644,40719,AT315
3451,32120,AT126
5230,40421,AT311
7082,10302,AT112
4532,41513,AT314
4050,41021,AT312
8680,62143,AT223
4782,41418,AT311
5760,50619,AT322
4142,41312,AT313
8983,61255,AT222
5671,50602,AT322
5662,50602,AT322
4063,41007,AT312
4451,41506,AT314
8073,60608,AT221
3264,32003,AT121
3250,32016,AT121
6531,70620,AT334
2435,30729,AT127
8264,62269,AT224
9374,20513,AT213
2401,30730,AT127
5580,50510,AT321
3484,32107,AT126
3660,31516,AT121
4273,40621,AT313
4371,41104,AT313
7536,10406,AT113
2540,30603,AT127
8200,61760,AT224
5131,40408,AT311
5270,40405,AT311
4817,40708,AT315
9900,70716,AT333
4540,41503,AT314
4702,40832,AT311
2851,32315,AT122
9150,20801,AT213
6553,70623,AT334
6293,70934,AT335
6534,70624,AT334
6532,70613,AT334
6561,70608,AT334
8077,60611,AT221
5261,40413,AT311
5500,50404,AT322
8693,62144,AT223
8634,62142,AT223
8280,62267,AT224
8051,60648,AT221
4111,41626,AT312
5082,50314,AT323
9061,20101,AT211
2620,31818,AT122
7372,10802,AT111
5026,50101,AT323
9990,70719,AT333
8330,62379,AT224
8750,62040,AT226
2103,31214,AT126
4642,41817,AT312
5425,50206,AT323
6890,80303,AT342
2351,31725,AT127
4144,41324,AT313
4362,41108,AT313
4694,40713,AT315
8530,60344,AT225
4655,40720,AT315
7361,10803,AT111
9073,20101,AT211
6675,70832,AT331
5322,50319,AT323
2100,31213,AT126
3650,31534,AT121
2410,30710,AT127
6863,80211,AT341
8580,61631,AT225
8230,62219,AT224
6833,80409,AT342
5144,40412,AT311
6250,70514,AT335
6421,70215,AT334
6380,70416,AT335
4754,41201,AT311
6322,70511,AT335
2143,31617,AT125
2731,31831,AT122
2345,31704,AT127
2136,31629,AT125
2752,32337,AT122
2100,31216,AT126
6100,70351,AT332
5603,50414,AT322
2601,32305,AT122
5120,40437,AT311
6365,70409,AT335
7301,10801,AT111
2753,32332,AT122
6080,70101,AT332
4801,40718,AT315
5301,50310,AT323
8401,60624,AT221
8775,61105,AT223
4052,41002,AT312
5141,40425,AT311
6884,80209,AT341
4783,41429,AT311
8042,60101,AT221
3150,31947,AT123
4755,41430,AT311
5630,50402,AT322
4975,41425,AT311
2564,30627,AT122
9413,20905,AT213
9344,20531,AT213
5310,41715,AT315
6654,70817,AT331
2632,31811,AT122
6460,70203,AT334
5730,50613,AT322
7221,10605,AT112
4651,41820,AT312
3426,32143,AT126
6222,70911,AT335
6130,70926,AT335
2000,31230,AT126
8904,61206,AT222
2380,31719,AT127
5121,40428,AT311
4542,40910,AT314
8570,61625,AT225
9863,20632,AT212
6800,80404,AT342
3051,31926,AT123
8410,61059,AT225
4522,41516,AT314
9615,20305,AT212
6290,70920,AT335
8421,61057,AT225
6410,70357,AT332
2165,31606,AT125
4710,40830,AT311
5524,50203,AT323
2325,30732,AT127
2070,31037,AT125
7100,10713,AT112
6911,80226,AT342
6314,70530,AT335
9210,20424,AT211
6393,70417,AT335
4541,41501,AT314
2483,30607,AT127
5600,50418,AT322
3300,30502,AT121
9212,20435,AT211
8124,60651,AT221
5163,50323,AT323
8121,60659,AT221
8562,61615,AT225
5321,50321,AT323
8243,62233,AT224
4201,41609,AT312
3172,31409,AT122
8343,62375,AT224
8932,61264,AT222
6432,70218,AT334
2402,30711,AT127
6572,70605,AT334
5542,50408,AT322
5733,50601,AT322
9570,21006,AT212
4501,41014,AT312
3252,31531,AT121
3261,32014,AT121
4863,41739,AT315
8740,62038,AT226
6416,70213,AT334
6323,70503,AT335
4822,40702,AT315
4300,30531,AT121
3495,31337,AT124
8712,61110,AT223
2721,32301,AT122
4701,40802,AT311
4625,41814,AT312
4551,40913,AT314
4802,40704,AT315
6426,70216,AT334
3932,32530,AT124
7013,10305,AT112
3762,32212,AT124
3753,31107,AT124
8793,61120,AT223
3512,31327,AT124
2353,31710,AT127
2372,31707,AT127
8490,62376,AT224
4784,41423,AT311
8223,62256,AT224
6652,70808,AT331
8600,62140,AT223
9530,20705,AT211
5142,40406,AT311
5761,50612,AT322
4840,41746,AT315
5251,40415,AT311
4780,41422,AT311
9523,20201,AT211
4843,41701,AT315
6280,70940,AT335
3435,32141,AT126
8480,62383,AT224
6491,70622,AT334
2331,31723,AT127
6465,70212,AT334
2640,31810,AT122
9065,20402,AT211
2524,30637,AT127
5550,50417,AT322
8940,61259,AT222
2326,30736,AT127
8742,62042,AT226
2460,10703,AT127
6780,80122,AT341
9241,20727,AT211
4890,41710,AT315
4664,40711,AT315
4925,41223,AT311
2651,31829,AT122
4322,41126,AT313
5143,40407,AT311
3013,31953,AT126
4643,40912,AT314
2491,10304,AT112
6401,70319,AT332
6210,70939,AT335
6754,80112,AT341
6471,70201,AT334
8072,60662,AT221
4860,41713,AT315
3385,31907,AT123
6832,80416,AT342
4323,41113,AT313
4312,41111,AT313
7011,10315,AT112
4170,41309,AT313
2512,30639,AT127
3823,32216,AT124
6844,80401,AT342
4100,41617,AT312
9330,20501,AT213
3143,31934,AT123
2840,31840,AT122
8075,60617,AT221
8071,60619,AT221
2460,30704,AT127
5081,50301,AT323
3463,31228,AT126
4284,40620,AT313
4203,41602,AT312
5751,50611,AT322
4221,41624,AT312
2474,10706,AT112
4963,40438,AT311
6295,70908,AT335
9220,20725,AT211
2230,30817,AT126
2371,31712,AT127
6751,80103,AT341
3370,31549,AT121
3380,31533,AT121
9300,20527,AT213
8384,10505,AT113
4592,40902,AT314
9722,20726,AT211
8111,60664,AT221
8112,60664,AT221
6063,70346,AT332
4690,41732,AT315
2183,30841,AT125
4407,41504,AT314
3335,41522,AT314
4441,30506,AT121
4682,40807,AT311
2486,30626,AT127
6273,70923,AT335
4070,40509,AT312
5562,50422,AT322
6213,70907,AT335
5231,40441,AT311
6708,80105,AT341
6811,80407,AT342
6521,70604,AT334
7064,10311,AT112
8962,61213,AT222
4981,41224,AT311
8953,61257,AT222
2571,30602,AT122
4293,40603,AT313
2393,31726,AT127
3107,30201,AT123
2464,30708,AT127
8630,62142,AT223
8402,60655,AT221
4680,40809,AT311
6481,70217,AT334
8350,62378,AT224
6060,70354,AT332
6065,70358,AT332
2753,32319,AT122
5223,40431,AT311
6116,70937,AT335
2490,32304,AT122
6974,80214,AT342
4072,40501,AT312
4048,41618,AT312
4650,41806,AT312
2425,10714,AT112
4713,40805,AT311
6200,70917,AT335
6262,70925,AT335
5411,50208,AT323
5222,40426,AT311
4040,41624,AT312
6791,80120,AT341
8063,60661,AT221
8321,61746,AT224
6533,70603,AT334
2522,30623,AT127
7210,10606,AT112
3362,30502,AT121
2344,31716,AT127
6840,80408,AT342
5710,50606,AT322
6522,70619,AT334
2182,30845,AT125
2170,31644,AT125
8401,60608,AT221
2602,30646,AT127
4812,40714,AT315
2283,30842,AT126
6364,70402,AT335
6464,70222,AT334
3002,31952,AT126
3012,31954,AT126
5621,50420,AT322
6444,70208,AT334
2122,31651,AT126
3122,31507,AT121
9073,20414,AT211
8054,60669,AT221
6922,80240,AT342
6710,80116,AT341
8301,60628,AT221
9170,20405,AT211
3441,32112,AT126
2542,30618,AT127
8045,60101,AT221
6870,80204,AT341
2603,32307,AT122
4973,41228,AT311
2751,32320,AT122
3433,32116,AT126
8160,61761,AT224
3541,31343,AT124
8505,61033,AT225
4552,40922,AT314
4550,40907,AT314
9772,20604,AT212
5122,40414,AT311
2880,31830,AT122
9821,20627,AT212
5771,50609,AT322
8552,60345,AT225
7331,10823,AT111
4310,41111,AT313
4901,41722,AT315
4770,41402,AT311
3140,30201,AT123
9546,20601,AT212
6167,70310,AT332
5742,50626,AT322
4672,41802,AT312
9711,20720,AT211
5340,50330,AT323
6395,70405,AT335
6344,70529,AT335
6241,70520,AT335
9071,20414,AT211
4842,41752,AT315
6143,70370,AT332
4663,40711,AT315
2020,31022,AT125
5273,40434,AT311
2232,30808,AT126
5452,50416,AT322
9552,21009,AT212
3950,30908,AT124
8755,62032,AT226
5360,40717,AT315
8062,60626,AT221
6712,80126,AT341
6824,80418,AT342
8461,61049,AT225
9580,20201,AT211
6541,70629,AT334
6252,70505,AT335
6764,80113,AT341
9074,20412,AT211
5092,50620,AT322
6820,80405,AT342
7551,10414,AT113
9542,20724,AT211
9871,20634,AT212
9602,20702,AT211
6511,70630,AT334
6943,80231,AT342
4101,41606,AT312
9623,20316,AT212
8403,61021,AT225
7572,10501,AT113
4202,41613,AT312
2880,31814,AT122
3031,31951,AT126
6655,70831,AT331
6655,70819,AT331
8911,61253,AT222
4710,40808,AT311
4553,40917,AT314
8862,61445,AT226
3340,30301,AT121
7423,10918,AT113
8141,60670,AT221
7163,10701,AT112
6774,80128,AT341
9314,20523,AT213
2433,30706,AT127
6361,70406,AT335
4303,30529,AT121
6543,70615,AT334
9361,20505,AT213
5282,40404,AT311
5221,40419,AT311
9535,20432,AT211
6111,70365,AT332
4073,41022,AT312
3071,31903,AT123
5661,50617,AT322
2650,31821,AT122
9111,20817,AT213
3672,31523,AT121
5412,50209,AT323
6215,70901,AT335
2384,31703,AT127
2285,30831,AT126
3375,31517,AT121
2413,30703,AT112
8291,62206,AT224
4814,40701,AT315
2404,30718,AT127
2265,30810,AT125
3644,31553,AT121
5061,50309,AT323
6167,70334,AT332
9554,21008,AT212
6671,70836,AT331
2292,30814,AT126
9972,70734,AT333
8572,61626,AT225
8541,60349,AT225
3382,31520,AT121
8786,61263,AT222
7023,10618,AT112
3454,32132,AT126
4400,41506,AT314
2511,30625,AT127
3105,30201,AT123
4122,41305,AT313
3683,31552,AT121
6991,80228,AT341
9613,20713,AT211
3452,32120,AT126
2680,31838,AT122
4482,30508,AT121
5133,40410,AT311
2462,30704,AT112
2391,31713,AT127
4212,40612,AT313
3125,31940,AT123
4656,40710,AT315
8472,61061,AT225
4662,40711,AT315
2102,31206,AT126
6600,70826,AT331
8784,61247,AT222
8934,61205,AT222
2261,30803,AT126
2442,30607,AT127
3730,31105,AT124
3721,31026,AT125
3742,31129,AT124
3722,31130,AT124
3712,31026,AT125
2074,31038,AT125
4363,41115,AT313
4641,41822,AT312
6212,70907,AT335
2073,31041,AT125
6074,70345,AT332
6993,80228,AT341
8990,61207,AT222
9081,20419,AT211
6914,80219,AT342
2523,30636,AT127
5224,40403,AT311
7350,10816,AT111
3511,31309,AT124
2245,30859,AT126
2280,30819,AT126
9542,20701,AT211
2552,30615,AT122
3332,30533,AT121
9815,20644,AT212
3910,32530,AT124
3920,32508,AT124
2193,31644,AT125
2362,31702,AT127
6335,70527,AT335
6371,70401,AT335
5562,50512,AT322
3130,31912,AT123
8431,61012,AT225
2544,30631,AT127
4922,41206,AT311
6260,70904,AT335
6372,70413,AT335
8463,61054,AT225
5522,50419,AT322
4211,41601,AT312
3452,32104,AT126
6771,80119,AT341
2534,30601,AT127
8143,60660,AT221
3525,32522,AT124
5531,50406,AT322
8563,61612,AT225
8113,60641,AT221
9142,20807,AT213
5505,50415,AT322
3040,31926,AT123
6352,70509,AT335
3242,31551,AT121
4873,41709,AT315
9161,20417,AT211
4070,40503,AT312
2565,30645,AT122
8047,60623,AT221
4483,41006,AT312
3390,31524,AT121
5121,40443,AT311
4381,41121,AT313
2440,30731,AT127
2733,31813,AT122
2114,31627,AT126
4852,41749,AT315
5303,50337,AT323
9421,20913,AT213
6373,70408,AT335
3160,31413,AT122
6414,70209,AT334
6492,70204,AT334
5201,50339,AT323
2305,30813,AT126
9433,20913,AT213
2130,31633,AT125
6574,70616,AT334
8614,62105,AT223
7442,10809,AT111
4690,41725,AT315
9201,20415,AT211
2134,31649,AT125
4850,41743,AT315
6867,80236,AT341
6500,70614,AT334
7202,10609,AT112
7201,10607,AT112
2732,31847,AT122
3386,31910,AT123
3312,30522,AT121
6134,70936,AT335
3542,31311,AT124
6563,70606,AT334
8623,62138,AT223
3333,30533,AT121
8820,61439,AT226
8993,61215,AT222
8903,61222,AT222
4844,41731,AT315
3251,32008,AT121
4163,41315,AT313
3321,30503,AT121
6324,70516,AT335
4222,41120,AT313
5083,50314,AT323
8046,60646,AT221
4824,40706,AT315
8311,61716,AT224
8200,61719,AT224
3314,30534,AT121
7431,10901,AT113
8362,62252,AT224
8361,62378,AT224
3874,30925,AT124
3931,32525,AT124
4931,41215,AT311
6161,70332,AT332
4202,41611,AT312
4224,40624,AT313
9064,20442,AT211
2291,30830,AT126
6714,80117,AT341
9907,70732,AT333
2111,31207,AT126
3021,31951,AT126
3902,32219,AT124
3591,31101,AT124
8682,62143,AT223
6866,80202,AT341
8970,61265,AT222
8163,61758,AT224
6236,70501,AT335
3032,31905,AT123
6306,70526,AT335
2601,32327,AT122
8435,61045,AT225
6370,70414,AT335
2191,31612,AT125
6706,80106,AT341
4490,41013,AT312
6092,70306,AT332
6832,80420,AT342
6363,70420,AT335
5112,50322,AT323
5145,40427,AT311
5424,50213,AT323
5511,50412,AT322
2214,30804,AT126
3385,31932,AT123
2751,30401,AT122
2451,30713,AT127
5023,50321,AT323
8761,62043,AT226
3430,32135,AT126
3300,30541,AT121
8455,61024,AT225
8794,61120,AT223
4730,40831,AT311
4902,41750,AT315
4845,41731,AT315
4331,41114,AT313
6263,70909,AT335
4085,41312,AT311
4831,40712,AT315
8152,61624,AT225
2171,31621,AT125
4974,41220,AT311
9182,20722,AT211
7443,10811,AT111
6425,70202,AT334
9971,70717,AT333
9521,20724,AT211
6604,70816,AT331
6473,70224,AT334
2640,31808,AT122
6773,80129,AT341
5311,41712,AT315
3372,31505,AT121
2242,30848,AT126
3420,32144,AT126
8160,61766,AT224
6108,70348,AT332
6235,70522,AT335
3042,32139,AT126
4801,40701,AT315
4671,41813,AT312
8524,60344,AT225
4081,40506,AT312
8302,60666,AT221
7111,10717,AT112
3508,31333,AT124
8900,61243,AT222
3361,30504,AT121
8444,61030,AT225
3921,32516,AT124
9853,20638,AT212
5754,50618,AT322
2493,32318,AT122
7122,10707,AT112
2243,30838,AT126
9321,20512,AT213
6673,70811,AT331
8967,61217,AT222
6091,70312,AT332
6600,70806,AT331
4612,40511,AT312
6404,70342,AT332
8292,62274,AT224
8046,60101,AT221
6336,70515,AT335
7435,10924,AT113
6068,70329,AT332
2551,30608,AT122
6842,80410,AT342
4982,41216,AT311
2093,31107,AT124
3561,31322,AT124
6973,80217,AT342
3388,31922,AT123
2870,31802,AT122
3342,30524,AT121
8212,61764,AT224
2014,31022,AT125
4653,41805,AT312
4870,41747,AT315
3171,31406,AT122
8521,60341,AT225
6166,70310,AT332
2224,30857,AT125
6265,70915,AT335
6731,80124,AT341
5330,50312,AT323
7461,10923,AT113
6934,80238,AT342
4722,40835,AT311
2452,30716,AT127
3743,31120,AT124
5602,50423,AT322
2213,31605,AT126
6812,80413,AT342
2751,32337,AT122
6284,70922,AT335
6067,70301,AT332
3180,31407,AT122
8181,61729,AT224
3473,31021,AT125
8280,62280,AT224
3345,32002,AT121
8661,62145,AT223
4690,41720,AT315
4894,41719,AT315
6600,70805,AT331
6651,70813,AT331
7501,10915,AT113
3851,32210,AT124
2700,32313,AT122
2133,31609,AT125
2392,31726,AT127
6142,70328,AT332
2405,30702,AT127
2441,30731,AT127
9781,20625,AT212
9135,20804,AT213
2472,30719,AT127
6413,70368,AT332
8262,62271,AT224
6173,70337,AT332
9631,20305,AT212
8200,61701,AT224
3353,30532,AT121
4710,40821,AT311
4090,41407,AT311
8864,61445,AT226
4132,41318,AT313
8635,62142,AT223
3972,30910,AT124
5162,50327,AT323
6633,70803,AT331
4591,40909,AT314
2275,31604,AT125
6165,70356,AT332
8151,60665,AT221
7361,10810,AT111
6858,80235,AT342
7083,10312,AT112
6767,80239,AT331
8200,61727,AT224
9861,20642,AT212
9862,20642,AT212
2521,30641,AT127
2304,30844,AT126
3365,30501,AT121
9919,70735,AT333
3434,32134,AT126
3424,32140,AT126
7152,10716,AT112
9551,21009,AT212
4882,41721,AT315
4972,41233,AT311
4184,41345,AT313
9710,20720,AT211
4580,40923,AT314
4715,40829,AT311
8950,61267,AT222
9853,20608,AT212
8952,61257,AT222
6071,70302,AT332
6083,70307,AT332
7202,10615,AT112
2823,31823,AT122
4070,40507,AT312
3202,31909,AT123
6458,70220,AT334
7374,10827,AT111
9562,21005,AT212
4560,40905,AT314
4611,41804,AT312
5300,50316,AT323
5324,50318,AT323
4121,41304,AT313
4933,40402,AT311
5651,50608,AT322
7341,10812,AT111
8774,61109,AT223
4661,40715,AT315
9462,20923,AT213
3620,31344,AT124
4464,41522,AT314
2572,31405,AT122
2381,31714,AT127
7453,10821,AT111
3470,32114,AT126
8663,62145,AT223
8972,61236,AT222
4984,41235,AT311
8142,60656,AT221
4676,40801,AT311
6555,70609,AT334
4292,40607,AT313
5323,50307,AT323
8413,61055,AT225
4820,40703,AT315
2620,31817,AT122
4183,41615,AT313
3224,31408,AT122
3041,31902,AT123
4880,41706,AT315
5090,50610,AT322
6500,70604,AT334
6392,70415,AT335
4774,41419,AT311
8120,60632,AT221
8144,60618,AT221
5225,40416,AT311
3720,31036,AT125
4493,41521,AT314
9640,20307,AT212
6408,70339,AT332
2770,32308,AT122
3223,31401,AT122
3331,30517,AT121
2443,10321,AT112
5620,50421,AT322
2544,30620,AT127
9872,20620,AT212
4091,41427,AT311
8960,61262,AT222
2813,32317,AT122
4523,41516,AT314
6311,70530,AT335
5084,50315,AT323
5204,50335,AT323
2115,31203,AT126
3121,31916,AT123
3200,31929,AT123
3184,31414,AT122
4055,41019,AT312
4262,40610,AT313
4595,41518,AT314
4912,41218,AT311
2604,32330,AT122
3034,31921,AT123
2222,30805,AT126
2123,31622,AT126
4572,40916,AT314
3350,30514,AT121
8160,61731,AT224
3261,32018,AT121
2481,31701,AT127
9300,20523,AT213
4151,41325,AT313
8653,62132,AT223
5575,50502,AT321
7552,10415,AT113
3292,32001,AT121
3532,31336,AT124
4463,41507,AT314
9962,70726,AT333
6122,70309,AT332
8813,61443,AT226
6972,80213,AT342
2801,32313,AT122
6642,70830,AT331
4941,41214,AT311
6631,70821,AT331
5532,50407,AT322
8454,61024,AT225
5121,40439,AT311
8723,62014,AT226
9906,70714,AT333
2405,30715,AT127
4240,40623,AT313
7502,10925,AT113
6691,70818,AT331
4192,41622,AT313
3151,30201,AT123
8521,61033,AT225
4580,40901,AT314
5164,50332,AT323
9412,20923,AT213
8283,62202,AT224
3506,30101,AT124
8770,61113,AT223
7522,10407,AT113
8832,61440,AT226
2632,31846,AT122
4064,41016,AT312
8971,61265,AT222
3443,32131,AT126
9601,20702,AT211
6912,80218,AT342
2413,10727,AT112
3552,31323,AT124
5612,50413,AT322
8344,62375,AT224
8273,62209,AT224
8211,61762,AT224
6960,80208,AT342
5211,40418,AT311
2564,30645,AT122
4300,30509,AT121
5274,40405,AT311
4707,40827,AT311
5270,40422,AT311
2244,30854,AT126
2821,32316,AT122
7121,10722,AT112
4070,40504,AT312
9622,20320,AT212
6713,80115,AT341
2453,30724,AT127
6403,70308,AT332
5093,50627,AT322
2185,31654,AT125
2491,10309,AT112
9843,20605,AT212
3394,31542,AT121
6283,70927,AT335
6424,70219,AT334
4564,40906,AT314
9545,20630,AT212
4040,41609,AT312
8992,61204,AT222
5242,40436,AT311
4982,41219,AT311
6105,70326,AT332
8230,62214,AT224
3061,31926,AT123
3313,30538,AT121
6230,70506,AT335
7212,10602,AT112
7143,10702,AT112
2094,31104,AT124
2095,31104,AT124
8171,61745,AT224
8773,61106,AT223
6820,80116,AT342
8295,62244,AT224
3494,31310,AT124
5324,50311,AT323
2620,31839,AT122
9141,20803,AT213
9122,20813,AT213
4871,41711,AT315
9702,20710,AT211
8380,10504,AT113
9371,20817,AT213
8443,61051,AT225
7534,10411,AT113
7521,10403,AT113
6552,70628,AT334
8130,60663,AT221
8966,61254,AT222
3033,31901,AT123
2281,30849,AT126
4462,41512,AT314
8641,62146,AT223
6741,80118,AT341
6474,70205,AT334
2295,30865,AT126
7035,10316,AT112
4674,40806,AT311
7142,10709,AT112
7412,10928,AT113
3465,32115,AT126
8510,60350,AT225
2123,31651,AT126
6835,80424,AT342
2500,30613,AT127
8233,62226,AT224
6305,70407,AT335
4594,40902,AT314
7471,10919,AT113
4631,41810,AT312
8665,62116,AT223
4866,41745,AT315
4230,40614,AT313
8644,62141,AT223
6992,80228,AT341
7063,10310,AT112
6145,70333,AT332
8965,61260,AT222
2434,30709,AT127
7093,10710,AT112
2322,30741,AT127
7202,10611,AT112
9082,20419,AT211
8982,61255,AT222
3830,32220,AT124
4623,41808,AT312
4143,41329,AT313
2662,31836,AT122
8160,61729,AT224
8652,62141,AT223
4271,40618,AT313
5302,50317,AT323
3593,32520,AT124
6175,70320,AT332
4924,41234,AT311
2105,31216,AT126
6526,70612,AT334
6781,80101,AT341
7304,10804,AT111
4164,41341,AT313
8164,61761,AT224
5441,50201,AT323
2422,10715,AT112
4533,41018,AT312
4951,40433,AT311
9582,20711,AT211
7081,10314,AT112
9613,20707,AT211
8625,62135,AT223
4352,41107,AT313
9712,20712,AT211
7042,10616,AT112
9633,20306,AT212
3550,31322,AT124
4092,41409,AT311
2251,30812,AT126
2294,30835,AT126
2525,30612,AT127
3161,31412,AT122
7503,10930,AT113
3213,31906,AT123
7511,10914,AT113
9125,20803,AT213
6240,70521,AT335
5652,50603,AT322
9620,20305,AT212
9761,20609,AT212
8502,60318,AT225
4881,41741,AT315
8211,61701,AT224
6351,70524,AT335
3362,30522,AT121
8565,61633,AT225
3304,30527,AT121
6103,70344,AT332
2262,30803,AT126
7571,10508,AT113
6073,70353,AT332
4785,41410,AT311
2054,31001,AT125
7061,10317,AT112
5721,50616,AT322
6911,80212,AT342
8616,61711,AT224
9584,20711,AT211
6751,80111,AT341
3291,32001,AT121
8451,61016,AT225
4332,41114,AT313
2202,31202,AT126
3822,32209,AT124
3481,32106,AT126
4150,41344,AT313
3452,32139,AT126
6150,70355,AT332
9571,21001,AT212
8271,62264,AT224
8413,61027,AT225
9587,20702,AT211
2332,31711,AT127
2471,30721,AT127
4775,41426,AT311
4573,40903,AT314
4160,41343,AT313
3425,32135,AT126
6883,80203,AT341
2631,31839,AT122
7343,10814,AT111
7203,10615,AT112
9162,20403,AT211
8462,61050,AT225
4343,41112,AT313
2525,30631,AT127
9473,20909,AT213
9063,20418,AT211
9372,20504,AT213
9373,20513,AT213
4291,40609,AT313
5091,50623,AT322
4082,40502,AT312
4621,41819,AT312
4596,40920,AT314
2630,31811,AT122
8684,62131,AT223
8523,60305,AT225
7053,10304,AT112
4752,41416,AT311
4891,41726,AT315
4943,41207,AT311
2352,31709,AT127
8632,62142,AT223
4816,40708,AT315
8055,60669,AT221
4223,41106,AT313
3744,31121,AT124
2282,30836,AT126
2253,30860,AT126
3073,31941,AT123
8741,62048,AT226
2272,30850,AT125
6861,80201,AT342
3363,30502,AT121
6020,70332,AT332
8724,62047,AT226
9587,20711,AT211
7410,10910,AT113
6787,80120,AT341
3493,31315,AT124
7501,10921,AT113
6292,70908,AT335
2000,31208,AT126
7132,10705,AT112
4451,41514,AT314
5451,50424,AT322
8442,61019,AT225
4982,41210,AT311
8962,61261,AT222
2440,30737,AT127
2803,32326,AT122
6886,80233,AT341
3323,30521,AT121
6179,70343,AT332
3003,31949,AT126
3871,30903,AT124
2431,30706,AT127
9334,20509,AT213
8131,62125,AT223
3571,31106,AT124
8093,62388,AT224
2062,31042,AT125
4950,40401,AT311
2840,31843,AT122
9130,20425,AT211
9713,20723,AT211
2215,30838,AT126
8073,60669,AT221
6272,70918,AT335
2326,30734,AT127
6722,80121,AT341
6441,70223,AT334
7072,10307,AT112
9062,20421,AT211
4574,40921,AT314
2151,31603,AT125
6341,70508,AT335
7024,10603,AT112
7472,10922,AT113
8551,60351,AT225
6973,80213,AT342
6152,70359,AT332
6075,70360,AT332
5440,50212,AT323
6141,70350,AT332
4652,41821,AT312
4263,40626,AT313
3270,32013,AT121
8842,61446,AT226
9624,20305,AT212
8263,62269,AT224
4502,41020,AT312
6100,70344,AT332
3500,31343,AT124
4225,41110,AT313
2734,31826,AT122
3701,32110,AT126
2293,30835,AT126
9143,20805,AT213
8511,60348,AT225
9360,20505,AT213
5645,50403,AT322
6232,70517,AT335
2181,30845,AT125
4974,41224,AT311
7563,10511,AT113
6294,70934,AT335
2641,31833,AT122
6342,70518,AT335
2120,31655,AT126
6763,80113,AT341
5310,41735,AT315
2870,31848,AT122
3611,31350,AT124
3610,31351,AT124
7332,10807,AT111
8382,10506,AT113
7222,10610,AT112
5622,50410,AT322
5741,50614,AT322
8225,62275,AT224
2504,30635,AT127
6275,70931,AT335
2212,31615,AT126
6123,70933,AT335
6215,70936,AT335
3373,31527,AT121
3250,32017,AT121
8970,61217,AT222
6951,80225,AT341
8481,61060,AT225
6555,70623,AT334
8411,61017,AT225
8933,61264,AT222
6135,70928,AT335
5611,50411,AT322
4351,41123,AT313
8501,60629,AT221
4540,41511,AT314
4921,41209,AT311
4461,41508,AT314
2020,31009,AT125
9560,21006,AT212
2273,30827,AT125
3381,31509,AT121
2754,32332,AT122
4281,40608,AT313
6094,70304,AT332
7034,10322,AT112
2126,31630,AT125
5203,50320,AT323
2301,30802,AT126
5342,50330,AT323
3602,31338,AT124
2564,30609,AT122
4645,40707,AT315
8250,62278,AT224
9620,20320,AT212
5570,50504,AT321
4431,30515,AT121
8114,60659,AT221
8762,62044,AT226
4213,40622,AT312
5102,50302,AT323
6406,70335,AT332
3062,31919,AT123
2811,32335,AT122
4850,41746,AT315
3744,31114,AT124
2061,31015,AT125
3713,31103,AT124
4952,40446,AT311
8770,61116,AT223
4923,41213,AT311
2531,31706,AT127
8861,61442,AT226
3233,31514,AT121
3240,31514,AT121
3011,31952,AT126
4532,41009,AT314
4582,40918,AT314
2286,30825,AT126
4432,30509,AT121
8182,61740,AT224
6384,70419,AT335
9363,20518,AT213
2333,30735,AT127
4932,41211,AT311
4232,40604,AT313
6921,80220,AT342
7574,10402,AT113
2116,31203,AT125
4190,41603,AT313
2122,31655,AT126
9908,70703,AT333
3162,31412,AT122
8621,62147,AT223
3970,30913,AT124
4571,40906,AT314
2434,30724,AT127
3442,32119,AT126
3203,31935,AT123
2440,30621,AT127
9852,20638,AT212
2004,31234,AT126
4312,41118,AT313
2102,31201,AT126
3052,31927,AT123
4762,41421,AT311
4691,41736,AT315
8781,61119,AT223
6952,80216,AT341
9556,20515,AT213
8582,61618,AT225
2034,31616,AT125
2125,31628,AT126
2123,31627,AT126
4222,41109,AT313
3714,31043,AT125
4673,40806,AT311
4191,41628,AT313
9560,21010,AT212
9909,70715,AT333
4492,41008,AT312
4861,41705,AT315
6762,80112,AT341
5280,40405,AT311
6528,70602,AT334
6610,70835,AT331
6600,70820,AT331
5134,40442,AT311
5452,50424,AT322
4174,41323,AT313
8213,61759,AT224
8212,61759,AT224
4120,41321,AT313
6274,70902,AT335
8561,61633,AT225
6700,80125,AT341
4904,41704,AT315
2125,31630,AT126
4180,41627,AT313
5123,40445,AT311
5584,50515,AT321
6900,80226,AT342
4671,41801,AT312
3812,32207,AT124
7041,10319,AT112
3671,31522,AT121
2440,30629,AT127
4911,41232,AT311
9583,20711,AT211
4531,41009,AT312
5723,50624,AT322
4062,41010,AT312
4961,41217,AT311
8844,61428,AT226
5743,50607,AT322
4710,40825,AT311
8422,61060,AT225
4893,41751,AT315
8403,61020,AT225
8052,60648,AT221
7561,10503,AT113
2532,30613,AT127
7472,10932,AT113
4173,41337,AT313
8792,61114,AT223
7537,10409,AT113
4786,41403,AT311
6156,70313,AT332
2223,30838,AT126
6833,80406,AT342
6422,70221,AT334
8662,62145,AT223
6283,70916,AT335
4181,41627,AT313
4622,41004,AT312
2013,31008,AT125
4851,41711,AT315
2640,31827,AT122
3104,30201,AT123
9121,20817,AT213
6264,70910,AT335
5165,50304,AT323
5166,40430,AT311
2193,31654,AT125
2145,31620,AT125
3192,31404,AT122
3804,32501,AT124
3462,32101,AT126
6321,70502,AT335
2114,31205,AT126
6157,70336,AT332
7441,10817,AT111
5722,50615,AT322
8850,61438,AT226
3860,30916,AT124
4906,41204,AT311
9520,20724,AT211
7223,10613,AT112
2124,31628,AT126
3193,31411,AT122
9470,20918,AT213
9462,20901,AT213
7021,10617,AT112
3761,31110,AT124
6133,70938,AT335
4613,41804,AT312
7091,10301,AT112
4162,41313,AT313
2002,31204,AT126
3390,31550,AT121
3653,31546,AT121
6952,80237,AT341
3183,31414,AT122
6562,70608,AT334
7323,10820,AT111
8452,61013,AT225
8544,60323,AT225
8434,61043,AT225
3422,32142,AT126
8261,61748,AT224
8160,61730,AT224
4716,40811,AT311
4731,40508,AT312
8264,62216,AT224
6385,70418,AT335
9805,20602,AT212
3944,30935,AT124
9652,20307,AT212
6072,70325,AT332
3522,31324,AT124
2473,10726,AT112
9173,20428,AT211
4654,41803,AT312
7532,10909,AT113
7474,10903,AT113
7141,10718,AT112
6682,70833,AT331
2491,32338,AT112
4180,41623,AT313
4204,41619,AT313
2320,30738,AT127
4720,40818,AT311
4970,41205,AT311
3491,31346,AT124
7302,10815,AT111
9773,20611,AT212
3254,31503,AT121
6822,80417,AT342
9918,70729,AT333
9941,70713,AT333
6542,70617,AT334
9905,70708,AT333
3454,32141,AT126
7151,10721,AT112
8345,62390,AT224
6280,70924,AT335
2860,32314,AT122
9371,20502,AT213
9991,70707,AT333
7421,31815,AT122
8783,61256,AT222
8811,61444,AT226
4633,40813,AT311
8354,62387,AT224
4170,41346,AT313
3652,31519,AT121
6933,80210,AT342
7535,10413,AT113
5113,50329,AT323
9851,20634,AT212
2871,31848,AT122
4204,41616,AT313
9841,20640,AT212
8962,61260,AT222
4460,41509,AT314
4624,41815,AT312
6070,70303,AT332
4724,40817,AT311
2252,30803,AT126
8492,62326,AT224
3364,30520,AT121
6733,80109,AT341
4407,40201,AT314
2144,31601,AT125
5310,41742,AT315
5450,50424,AT322
3123,31930,AT123
9102,20817,AT213
9814,20624,AT212
8334,62386,AT224
4865,41718,AT315
6095,70315,AT332
8241,62265,AT224
3232,31504,AT121
9063,20101,AT211
7123,10712,AT112
7052,10308,AT112
9813,20643,AT212
3240,31521,AT121
5581,50508,AT321
8942,61252,AT222
3601,31304,AT124
8670,62115,AT223
2831,31843,AT122
8242,62245,AT224
4141,41327,AT313
8224,62272,AT224
4971,41203,AT311
4452,41517,AT314
9300,20534,AT213
4980,41406,AT311
4251,40616,AT313
2104,31227,AT126
2172,31646,AT125
2201,31206,AT126
5232,40417,AT311
6621,70804,AT331
9714,20723,AT211
3140,31903,AT123
9754,20637,AT212
4866,50330,AT315
2700,32334,AT122
9751,20633,AT212
9461,20923,AT213
3543,31321,AT124
9572,20503,AT213
3580,31123,AT124
3371,31527,AT121
5422,50205,AT323
4983,41226,AT311
8592,61632,AT225
8593,61631,AT225
8230,62220,AT224
7321,10824,AT111
2763,32331,AT122
2724,32311,AT122
5212,40418,AT311
9163,20405,AT211
8712,61111,AT223
8720,62046,AT226
8921,61258,AT222
4962,40423,AT311
2763,32323,AT122
6261,70930,AT335
6794,80110,AT341
9963,70724,AT333
4943,41226,AT311
6493,70210,AT334
8583,61627,AT225
8323,60668,AT221
6836,80422,AT342
5205,50331,AT323
8423,61060,AT225
7022,10612,AT112
3134,31928,AT123
6183,70219,AT334
8330,62386,AT224
3813,32202,AT124
6320,70528,AT335
3385,31922,AT123
5132,40409,AT311
2761,32321,AT122
9463,20912,AT213
4931,40402,AT311
5453,50425,AT322
7062,10313,AT112
4040,41614,AT312
6181,70352,AT332
8103,60664,AT221
8831,61413,AT226
5271,40424,AT311
8643,62141,AT223
6433,70214,AT334
5241,40420,AT311
2625,31835,AT122
9563,21004,AT212
3753,31117,AT124
4761,41408,AT311
5144,40435,AT311
2431,30733,AT127
7092,10723,AT112
9585,20711,AT211
3641,31301,AT124
2475,10725,AT112
4771,41424,AT311
4360,41105,AT313
4274,40619,AT313
4084,40824,AT311
6100,70357,AT332
5233,40432,AT311
5152,50306,AT323
8852,61438,AT226
3562,31355,AT124
2185,30826,AT125
9345,20531,AT213
4341,41102,AT313
6343,70510,AT335
7425,10927,AT113
4083,40505,AT312
9342,20508,AT213
9341,20530,AT213
6870,80230,AT341
3900,32524,AT124
4760,41414,AT311
9565,21007,AT212
6383,70410,AT335
2154,31652,AT125
5523,50203,AT323
3392,31507,AT121
9504,20201,AT211
3124,31948,AT123
3413,32142,AT126
4732,40826,AT311
4565,40904,AT314
4112,41621,AT312
3331,30533,AT121
3295,32001,AT121
2100,31229,AT126
6721,80127,AT341
4980,41202,AT311
9771,20603,AT212
8082,62381,AT224
4675,40833,AT311
8332,62311,AT224
2274,31645,AT125
2276,31604,AT125
8044,60626,AT221
2054,31018,AT125
8081,61007,AT224
9335,20511,AT213
6271,70935,AT335
3594,32520,AT124
2872,31803,AT122
2485,30626,AT112
6082,70338,AT332
8795,61112,AT223
4593,40902,AT314
2833,32325,AT122
3352,30530,AT121
7312,10805,AT111
8522,60346,AT225
4193,41620,AT313
3243,31539,AT121
7544,10417,AT113
3492,31308,AT124
2111,31216,AT126
4892,41708,AT315
3142,31946,AT123
6402,70318,AT332
2135,31629,AT125
4134,41328,AT313
2211,31642,AT126
8583,61629,AT225
3244,31537,AT121
4733,40810,AT311
4076,40510,AT312
3334,41505,AT314
5563,50512,AT321
3382,31543,AT121
4283,40627,AT313
4153,41326,AT313
8355,62368,AT224
7131,10708,AT112
9721,20726,AT211
3741,31035,AT125
6150,70317,AT332
3141,31915,AT123
2264,30829,AT125
8731,62008,AT226
7161,10719,AT112
6932,80222,AT342
8076,60653,AT221
2135,31634,AT125
6672,70824,AT331
8553,60345,AT225
6220,70905,AT335
6942,80221,AT341
4942,41208,AT311
6527,70610,AT334
3643,31326,AT124
6600,70827,AT331
3962,30939,AT124
4725,41420,AT311
3843,32203,AT124
4511,41001,AT312
6677,70829,AT331
8764,62021,AT226
8831,61440,AT226
5571,50503,AT321
4280,40608,AT313
2463,30726,AT127
5521,50412,AT322
8265,61759,AT224
9313,20523,AT213
4575,40915,AT314
6154,70349,AT332
7473,10906,AT113
6541,70624,AT334
9323,61439,AT226
6278,70914,AT335
5124,40411,AT311
5120,40411,AT311
8714,61107,AT223
6672,70836,AT331
3691,31528,AT121
3680,31530,AT121
4040,41613,AT312
8424,61008,AT225
4134,41311,AT313
9423,20914,AT213
4980,41224,AT311
2624,31804,AT122
8234,62277,AT224
4692,41717,AT315
9812,20643,AT212
3852,32206,AT124
3973,30910,AT124
3564,31355,AT124
8413,61001,AT225
3950,30909,AT124
4053,41014,AT312
7033,10609,AT112
8144,60670,AT221
9346,20506,AT213
8715,62046,AT226
3623,32515,AT124
2221,30824,AT126
5310,41712,AT315
8160,61751,AT224
4074,40512,AT312
6463,70207,AT334
4201,41604,AT312
3324,30511,AT121
9762,20639,AT212
5252,40402,AT311
5272,40444,AT311
4581,40914,AT314
8342,62380,AT224
4320,41101,AT313
3451,32131,AT126
8853,61441,AT226
8322,62314,AT224
4849,41727,AT315
3153,31402,AT122
7444,10811,AT111
7012,10323,AT112
3231,31938,AT123
9586,20711,AT211
4942,41236,AT311
7423,10904,AT113
8691,62144,AT223
2680,62131,AT122
7533,10412,AT113
4482,30531,AT121
8812,61443,AT226
2203,31614,AT126
8673,61741,AT224
3610,31350,AT124
2761,32331,AT122
2872,31815,AT122
9974,70723,AT333
4600,41818,AT312
2334,31723,AT127
4115,41316,AT313
8262,62269,AT224
6874,80206,AT341
2485,10318,AT112
3872,30902,AT124
8943,61203,AT222
8961,61266,AT222
7321,10825,AT111
4521,41515,AT314
3543,31319,AT124
7071,10201,AT112
3222,31401,AT122
2561,30614,AT122
4872,41716,AT315
7025,10608,AT112
4152,41338,AT313
9311,20534,AT213
9544,20708,AT211
3144,31934,AT123
4890,41748,AT315
2084,31129,AT124
8410,61055,AT225
7321,10819,AT111
6822,80403,AT342
3383,31513,AT121
8132,62125,AT223
8047,60617,AT221
8382,10510,AT113
4443,41510,AT314
9330,20520,AT213
9992,70711,AT333
4182,41615,AT313
8714,61115,AT223
9981,70712,AT333
3533,32530,AT124
5561,50422,AT322
2053,31033,AT125
4721,41401,AT311
9854,20619,AT212
8800,62036,AT226
2032,31022,AT125
3834,30916,AT124
7322,10808,AT111
8973,61265,AT222
3343,30516,AT121
7522,10416,AT113
8782,61256,AT222
9103,20802,AT213
8362,62280,AT224
8362,62267,AT224
8412,61001,AT225
6500,70626,AT334
4793,41420,AT311
7051,10303,AT112
2820,32333,AT122
2822,32333,AT122
5552,50409,AT322
9020,20418,AT211
4893,41742,AT315
7422,10920,AT113
3924,32530,AT124
7434,10902,AT113
3572,31340,AT124
4116,41336,AT313
3841,32223,AT124
2840,31807,AT122
9873,20630,AT212
7400,10916,AT113
4742,40822,AT311
2852,32309,AT122
5672,50604,AT322
2620,31844,AT122
3384,31911,AT123
8483,62377,AT224
2024,31025,AT125
4910,41221,AT311
6114,70322,AT332
9556,21003,AT213
4741,40834,AT311
4181,41615,AT313
8322,62382,AT224
5421,50202,AT323
2763,32322,AT122
3862,30906,AT124
9585,20201,AT211
3701,32115,AT126
5442,50210,AT323
3011,31953,AT126
3664,32517,AT124
8380,10509,AT113
9231,20725,AT211
3631,32518,AT124
3912,32506,AT124
4102,41608,AT312
3820,32216,AT124
2112,31207,AT126
8473,61061,AT224
9842,20622,AT212
3613,31302,AT124
3961,30940,AT124
8294,62276,AT224
8301,60623,AT221
4142,41327,AT313
6834,80421,AT342
4972,41203,AT311
6182,70314,AT332
6881,80227,AT341
9132,20806,AT213
4342,41103,AT313
9614,20316,AT212
6347,70523,AT335
4853,41740,AT315
5423,50211,AT323
6423,70211,AT334
5752,50625,AT322
3393,31550,AT121
8692,62144,AT223
8081,61052,AT224
6115,70323,AT332
6405,70340,AT332
6020,70350,AT332
2223,30828,AT126
4242,40605,AT313
2732,31849,AT122
9536,20725,AT211
3751,31124,AT124
8551,60347,AT225
7464,10913,AT113
9220,20432,AT211
7373,10818,AT111
3263,32009,AT121
6830,80411,AT342
8162,61763,AT224
8713,61115,AT223
5591,50506,AT321
8265,62216,AT224
7540,10421,AT113
4554,40911,AT314
8922,61258,AT222
5572,50507,AT321
8454,61002,AT225
6553,70609,AT334
7361,10815,AT111
4723,40816,AT311
4562,40919,AT314
4846,41730,AT315
2802,32310,AT122
6234,70504,AT335
6313,70530,AT335
9133,20815,AT213
2465,30712,AT127
3293,32005,AT121
4693,41707,AT315
8642,62128,AT223
3163,31410,AT122
8732,62034,AT226
8625,62128,AT223
8061,60642,AT221
3922,30912,AT124
8841,61446,AT226
6500,70607,AT334
8664,62145,AT223
8673,62242,AT224
9113,20812,AT213
8543,60347,AT225
7162,10720,AT112
4973,41230,AT311
2732,31845,AT122
7020,10604,AT112
8282,62273,AT224
2840,31812,AT122
7032,10614,AT112
8951,61267,AT222
4572,40903,AT314
8142,60660,AT221
9183,20722,AT211
3913,32509,AT124
2462,10703,AT112
8324,62382,AT224
2822,31835,AT122
2624,31831,AT122
9560,21009,AT212
8244,62247,AT224
8352,62372,AT224
9782,70718,AT333
8240,62211,AT224
6113,70366,AT332
9911,70705,AT333
2000,31226,AT126
6882,80232,AT341
8200,60661,AT224
3241,31539,AT121
4690,41736,AT315
8153,61628,AT225
8113,60639,AT221
9541,20724,AT211
8302,61760,AT221
2232,30801,AT126
8452,61051,AT225
6707,80107,AT341
2822,32306,AT122
8734,62039,AT226
9635,20302,AT212
3873,30916,AT124
2152,31613,AT125
6822,80415,AT342
3033,31951,AT123
5162,50339,AT323
5280,40438,AT311
4850,41716,AT315
2132,31633,AT125
6184,70347,AT332
6646,70815,AT331
3322,30536,AT121
8913,61253,AT222
9654,20321,AT212
4212,40607,AT313
4615,41809,AT312
6524,70611,AT334
4292,40614,AT313
8413,61057,AT225
3253,31508,AT121
8184,61756,AT224
3661,31502,AT121
3542,31319,AT124
3351,30539,AT121
3074,31923,AT123
3465,32114,AT126
8833,61446,AT226
8192,61750,AT224
8225,62235,AT224
4772,41212,AT311
8232,62268,AT224
2435,30709,AT127
8542,60329,AT225
4531,41014,AT312
2824,31837,AT122
2492,32338,AT122
8441,61013,AT225
4240,40609,AT313
6611,70814,AT331
7433,10911,AT113
8190,61728,AT224
2640,31814,AT122
3580,31121,AT124
3110,31925,AT123
6670,70810,AT331
8153,60664,AT225
4794,41411,AT311
7562,10502,AT113
2722,32334,AT122
8152,61628,AT225
1140,31952,AT130
2451,30701,AT127
8353,62332,AT224
8044,60654,AT221
4720,40812,AT311
3971,30932,AT124
6941,80223,AT341
9343,20531,AT213
8330,62311,AT224
3204,31918,AT123
5731,50605,AT322
5741,50601,AT322
6858,80205,AT342
4204,41610,AT313
6677,70837,AT331
8151,60639,AT221
3125,31948,AT123
8092,62343,AT224
2473,30719,AT112
3704,31019,AT125
4903,41714,AT315
6136,70921,AT335
4800,41731,AT315
9601,20713,AT211
4724,40804,AT311
6571,70627,AT334
7311,10813,AT111
4830,40709,AT315
9064,20502,AT211
2141,31649,AT125
2423,10704,AT112
2752,30401,AT122
8912,61253,AT222
8920,61258,AT222
3282,32012,AT121
3376,31540,AT121
3421,32144,AT126
3482,32106,AT126
3654,31535,AT121
6290,70927,AT335
7554,10425,AT113
3861,30904,AT124
8301,60617,AT221
8293,62276,AT113
2842,31840,AT122
8091,62330,AT224
8564,61611,AT225
2282,30822,AT126
8010,60623,AT221
2403,30722,AT127
8113,60647,AT221
4171,41334,AT313
4491,41015,AT312
2821,32333,AT122
2870,31803,AT122
8312,62232,AT224
9634,20306,AT212
9942,70721,AT333
9612,20719,AT211
4085,41428,AT311
4871,41716,AT315
9833,20631,AT212
9811,20616,AT212
3033,30616,AT123
3923,32530,AT124
3863,30929,AT124
6900,80229,AT342
4161,41342,AT313
3353,30507,AT121
8461,61050,AT225
8931,61258,AT222
3663,31525,AT121
4273,40606,AT313
2544,30608,AT127
2640,31821,AT122
2162,31608,AT125
3384,31922,AT123
6551,70618,AT334
3072,31917,AT123
4364,41122,AT313
3945,30920,AT124
8385,10507,AT113
8401,60670,AT221
4202,41623,AT312
4791,41415,AT311
2761,32332,AT122
8054,60665,AT221
8541,60351,AT225
3852,32210,AT124
3830,32221,AT124
9951,70702,AT333
4873,41729,AT315
3430,32134,AT126
4870,41723,AT315
8272,62264,AT224
7033,10322,AT112
3281,32006,AT121
9232,20721,AT211
3730,31130,AT124
3592,31119,AT124
3222,31411,AT122
7021,10601,AT112
2842,31807,AT122
8333,62386,AT224
8812,61439,AT226
3300,30503,AT121
4152,41311,AT313
8733,62045,AT226
3311,30544,AT121
4175,41612,AT312
4840,41724,AT315
3032,31921,AT123
2153,31650,AT125
9653,20321,AT212
9411,20923,AT213
9162,20405,AT211
9441,20923,AT213
3241,31515,AT121
2831,31832,AT122
4133,41322,AT313
7512,10908,AT113
6276,70932,AT335
3361,30517,AT121
3195,31411,AT122
7553,10401,AT113
8504,60324,AT225
2073,31052,AT125
5273,40440,AT311
4776,41404,AT311
9611,20719,AT211
4311,40620,AT313
5724,50621,AT322
7451,10828,AT111
8563,60348,AT225
4421,41502,AT314
2223,31612,AT126
6069,70311,AT332
2192,31633,AT125
4184,41346,AT313
4453,41517,AT314
8254,62262,AT224
4114,41332,AT313
4871,41709,AT315
3332,30507,AT121
3752,31124,AT124
3662,31525,AT121
2095,32216,AT124
3710,31019,AT125
3053,31904,AT123
9822,20618,AT212
8301,60661,AT221
2184,30826,AT125
2164,31653,AT125
2154,31611,AT125
6888,80234,AT341
3754,31110,AT124
2491,10316,AT112
2294,30814,AT126
9844,20610,AT212
2823,32306,AT122
6645,70834,AT331
6644,70809,AT331
4821,40703,AT315
4154,41317,AT313
5342,50336,AT323
6782,80123,AT341
2443,10320,AT112
7542,10404,AT113
9753,20613,AT212
8083,62389,AT224
9360,61439,AT213
3633,32523,AT124
3294,32001,AT121
3021,31953,AT126
8224,62270,AT224
8934,41522,AT222
6314,70406,AT335
3262,32015,AT121
6600,70822,AT331
8530,60349,AT225
6295,70920,AT335
5360,50330,AT315
4920,41229,AT311
8605,62128,AT223
4825,40706,AT315
2471,30719,AT127
2880,31820,AT122
8045,60654,AT221
8954,61261,AT222
2023,31028,AT125
4681,40823,AT311
2041,31051,AT125
2116,31636,AT125
3681,31511,AT121
4731,40831,AT312
4324,41117,AT313
3122,31303,AT121
9150,20805,AT213
8191,61757,AT224
4155,41320,AT313
6215,70929,AT335
2003,31234,AT126
2125,31622,AT126
8341,62384,AT224
3485,31308,AT124
8081,62385,AT224
4973,41203,AT311
9072,20416,AT211
3283,32011,AT121
7543,10408,AT113
2640,31825,AT122
8580,61621,AT225
3932,30921,AT124
7551,10424,AT113
7531,10907,AT113
8302,60661,AT221
2722,32336,AT122
3873,30903,AT124
4075,40504,AT312
3925,32502,AT124
2141,31644,AT125
8763,62044,AT226
3800,32505,AT124
3552,31356,AT124
2755,32332,AT122
9543,20703,AT211
9155,20810,AT213
3730,31103,AT124
9376,20511,AT213
2671,31821,AT122
3441,32131,AT126
3071,31917,AT123
9321,20523,AT213
8785,62010,AT226
9555,21003,AT212
8036,60101,AT221
3874,30915,AT124
5574,50501,AT321
4171,41307,AT313
3665,32503,AT124
3013,31951,AT126
7535,10427,AT113
8443,61030,AT225
3374,31549,AT121
2603,32320,AT122
4860,41743,AT315
5071,50101,AT323
4725,41417,AT311
8792,61108,AT223
9143,20807,AT213
2832,31832,AT122
4382,41125,AT313
7371,10826,AT111
4131,41314,AT313
7371,10802,AT111
9632,20306,AT212
3325,30512,AT121
4941,41225,AT311
3212,31939,AT123
9472,20909,AT213
4854,50330,AT323
9422,20913,AT213
4144,41327,AT313
4784,41410,AT311
6700,80114,AT341
2042,31014,AT125
8924,61251,AT222
3471,32109,AT126
7400,10923,AT113
2232,30846,AT126
3552,31347,AT124
6525,70601,AT334
5325,50328,AT323
3972,30932,AT124
9831,20607,AT212
6280,70913,AT335
8503,60318,AT225
6277,70941,AT335
9952,70725,AT333
3211,31920,AT123
9470,20914,AT213
9201,20101,AT211
7546,10428,AT113
4230,40620,AT313
6623,70823,AT331
7423,62233,AT113
9431,20913,AT213
2443,30633,AT112
3072,31903,AT123
6653,70801,AT331
4823,40709,AT315
2304,30813,AT126
4020,41012,AT312
8504,60350,AT225
8843,61425,AT226
8484,62390,AT224
8580,61618,AT225
3421,32408,AT126
5585,50513,AT321
6822,80402,AT342
8172,61756,AT224
8842,61425,AT226
3163,31406,AT122
5163,40429,AT323
6822,80419,AT342
9586,20201,AT211
2812,32312,AT122
2113,31205,AT126
4841,41744,AT315
2053,31018,AT125
3622,31330,AT124
2661,31836,AT122
3521,31311,AT124
3524,32522,AT124
2870,31830,AT122
9345,20506,AT213
2163,31658,AT125
3903,32504,AT124
8313,62386,AT224
3483,32107,AT126
4690,41733,AT315
4272,40625,AT313
4714,40814,AT311
8302,60668,AT221
2064,31629,AT125
6200,70928,AT335
6473,70604,AT334
2572,30602,AT122
8570,61626,AT225
3834,32214,AT124
4382,41121,AT313
4292,40609,AT313
8230,62226,AT224
9932,70710,AT333
3205,31945,AT123
8160,61765,AT224
4532,40907,AT314
8441,61019,AT225
7344,10822,AT111
7342,10806,AT111
8072,61052,AT221
5662,50622,AT322
3573,31121,AT124
8765,62044,AT226
4172,41331,AT313
3521,31350,AT124
3462,32115,AT126
7463,10926,AT113
8854,61437,AT226
3665,32511,AT124
4792,41413,AT311
3970,30932,AT124
6154,70362,AT332
8554,60345,AT225
9322,20519,AT213
2870,31809,AT122
4784,41429,AT311
8261,61762,AT224
8611,62148,AT223
2493,32305,AT122
2393,31712,AT127
4183,41345,AT313
2091,31113,AT124
5592,50511,AT321
3632,32528,AT124
8454,61054,AT225
2042,31051,AT125
4841,41724,AT315
6591,70607,AT334
8504,60660,AT225
8982,61267,AT222
4612,41804,AT312
5450,50416,AT322
8772,61116,AT223
9913,70701,AT333
2163,31653,AT125
2033,31028,AT125
8443,61032,AT225
8274,62205,AT224
2003,31215,AT126
8222,62266,AT224
9903,70720,AT333
9602,20713,AT211
8453,61032,AT225
3711,31053,AT125
3595,31102,AT124
2441,30737,AT127
4751,41405,AT311
3702,31224,AT126
8503,60350,AT225
2081,31016,AT125
8863,61445,AT226
3730,31120,AT124
6178,70361,AT332
4817,40716,AT315
4871,41747,AT315
4481,41110,AT312
3371,32018,AT121
3371,32017,AT121
4442,41514,AT314
2533,30616,AT127
8131,60663,AT223
8672,61744,AT224
6020,70331,AT332
8301,60666,AT221
9451,20911,AT213
4281,41115,AT313
4773,41406,AT311
3454,31912,AT126
3382,31507,AT121
6850,80236,AT342
2083,31016,AT125
9421,20923,AT213
3942,30917,AT124
3961,30909,AT124
8114,60664,AT221
8584,61629,AT225
3264,32010,AT121
8172,61757,AT224
8062,60654,AT221
5573,50514,AT321
3844,32222,AT124
2731,31845,AT122
5133,40409,AT311
8224,62266,AT224
8302,60628,AT221
6292,70927,AT335
9853,20619,AT212
4810,40714,AT315
5583,50505,AT321
2161,31644,AT125
9375,20509,AT213
9360,20519,AT213
3001,32134,AT126
8503,60326,AT225
4153,41313,AT313
3221,32007,AT121
3355,30510,AT121
2853,32315,AT122
7521,10426,AT113
4743,41222,AT311
2070,31038,AT125
9701,20635,AT212
8152,60665,AT225
9161,20414,AT211
8822,61410,AT226
4800,41728,AT315
8163,60645,AT224
8221,62266,AT224
8383,10509,AT113
5500,50416,AT322
3811,32505,AT124
8573,61630,AT225
2802,32325,AT122
3071,31934,AT123
4352,41113,AT313
2082,31016,AT125
9362,20518,AT213
8484,62326,AT224
8624,62138,AT223
2042,31009,AT125
3910,32509,AT124
8612,62148,AT223
2031,31022,AT125
8756,62026,AT226
9064,20817,AT211
6544,70625,AT334
3553,31322,AT124
3370,31527,AT121
4132,41322,AT313
3631,32514,AT124
2700,32301,AT122
4141,41328,AT313
3621,31338,AT124
6621,70802,AT331
7031,10619,AT112
8075,60628,AT221
8974,50417,AT222
3830,32217,AT124
3341,32004,AT121
5524,50201,AT323
4190,41628,AT313
6290,70903,AT335
3512,31303,AT124
4550,41009,AT314
8403,61027,AT225
3472,31021,AT125
8974,61265,AT222
6433,70202,AT334
8455,60345,AT225
4392,31506,AT121
6671,70806,AT331
8253,62262,AT224
4310,41109,AT313
6462,70206,AT334
2733,31849,AT122
8253,62279,AT224
8252,62279,AT224
8251,62245,AT224
4873,41716,AT315
6647,70825,AT331
4074,40506,AT312
2293,30830,AT126
8452,61032,AT225
8593,61632,AT225
4722,40828,AT311
3763,31111,AT124
8570,61611,AT225
9800,20634,AT212
9961,70709,AT333
3544,31321,AT124
8323,60666,AT221
8292,10418,AT224
6200,70930,AT335
5251,40402,AT311
8521,61030,AT225
8654,61708,AT224
4351,41103,AT313
9904,70731,AT333
9832,20636,AT212
9931,70706,AT333
4264,40602,AT313
5261,40405,AT311
8045,60646,AT221
8564,61633,AT225
8062,60661,AT221
9061,20415,AT211
3684,31541,AT121
3924,32508,AT124
9912,70704,AT333
7545,10410,AT113
8984,61255,AT222
4631,41804,AT312
2873,31809,AT122
8052,60665,AT221
3701,31228,AT126
3711,31021,AT125
7540,10422,AT113
2434,30716,AT127
2870,62247,AT122
9063,20527,AT211
4184,41628,AT313
2135,31644,AT125
3241,32006,AT121
8255,62242,AT224
8061,61761,AT221
4812,40701,AT315
8280,62273,AT224
2063,31616,AT125
5114,50313,AT323
6353,70414,AT335
4582,40901,AT314
8143,60670,AT221
2023,31051,AT125
4621,40907,AT312
8082,62382,AT224
2471,10717,AT127
5145,40405,AT311
4063,41021,AT312
9753,20637,AT212
8772,61106,AT223
4162,41342,AT313
3970,30939,AT124
4656,40711,AT315
2833,31832,AT122
3911,32521,AT124
2022,31051,AT125
7564,10508,AT113
8572,61631,AT225
3842,32217,AT124
8083,62330,AT224
4470,41011,AT312
8183,61710,AT224
6723,80102,AT341
3531,32529,AT124
8572,61630,AT225
4926,41227,AT311
2133,31629,AT125
8504,60341,AT225
7341,10807,AT111
8967,61254,AT222
2723,32311,AT122
2733,31834,AT122
8636,62135,AT223
7100,10722,AT112
4922,41227,AT311
4170,41333,AT313
8265,62266,AT224
9655,20321,AT212
2231,31605,AT126
8451,61050,AT225
4932,40402,AT311
2663,32324,AT122
4183,41628,AT313
4170,41319,AT313
9781,20611,AT212
4372,32519,AT313
5061,50101,AT323
2881,31841,AT122
4131,41322,AT313
4121,41305,AT313
8312,62386,AT224
9943,70733,AT333
8143,60326,AT221
2105,31215,AT126
5081,50101,AT323
4085,41329,AT311
9571,20503,AT212
4871,41723,AT315
2552,30608,AT122
2853,32302,AT122
2722,32311,AT122
8183,61756,AT224
4282,40613,AT313
8046,60613,AT221
3443,31951,AT126
4111,41609,AT312
8385,10512,AT113
5310,50330,AT315
8250,62277,AT224
2630,31806,AT122
4160,41342,AT313
4144,41329,AT313
9761,20603,AT212
3553,31319,AT124
3344,30526,AT121
9312,20520,AT213
8544,61024,AT225
8923,61258,AT222
4732,40821,AT311
8900,61222,AT222
8622,62147,AT223
4193,40623,AT313
3340,30533,AT121
7522,10403,AT113
2500,30601,AT127
3335,41505,AT314
2872,62233,AT122
8673,61708,AT224
3573,31106,AT124
6091,70332,AT332
5242,40420,AT311
2571,30645,AT122
8114,60632,AT221
8850,20518,AT226
3973,32516,AT124
2733,31826,AT122
3214,32007,AT121
8862,61442,AT226
5270,40413,AT311
4680,41206,AT311
8272,62270,AT224
8850,61442,AT226
3932,32525,AT124
8511,60350,AT225
8262,62232,AT224
8212,61740,AT224
8251,62279,AT224
2673,31805,AT122
4952,40424,AT311
2565,30601,AT122
3642,31303,AT121
4810,40701,AT315
3331,30507,AT121
8112,60641,AT221
6365,70414,AT335
4154,41324,AT313
8754,62043,AT226
2092,31016,AT125
3925,32519,AT124
5131,40411,AT311
8144,60665,AT221
8162,61758,AT224
5134,40412,AT311
9652,20321,AT212
3931,32530,AT124
9551,20724,AT212
2663,31406,AT122
8671,62115,AT223
7423,10929,AT113
8063,60623,AT221
8144,60669,AT221
3400,32408,AT126
9020,20442,AT211
8294,62205,AT224
8561,60665,AT225
4773,41419,AT311
3900,32504,AT124
5121,40437,AT311
8114,60613,AT221
2641,31805,AT122
8642,62140,AT223
8044,60623,AT221
4943,41210,AT311
8184,61757,AT224
3160,31412,AT122
7461,10926,AT113
4100,41609,AT312
5651,50622,AT322
9651,20307,AT212
3742,31124,AT124
3032,31951,AT123
9587,20201,AT211
8682,62116,AT223
9800,20602,AT212
3104,31934,AT123
8740,62048,AT226
3350,30531,AT121
9341,20520,AT213
4581,40901,AT314
4596,41517,AT314
4284,41101,AT313
3622,32515,AT124
8694,31411,AT223
2601,32304,AT122
4973,41216,AT311
8093,62343,AT224
3650,31535,AT121
9112,20913,AT213
5082,50101,AT323
8341,62380,AT224
4800,41707,AT315
9210,20415,AT211
2723,32336,AT122
2812,32317,AT122
3914,32522,AT124
7420,10929,AT113
5280,40427,AT311
2202,31206,AT126
8552,60351,AT225
4294,40617,AT313
8081,60668,AT224
4132,41328,AT313
9560,21003,AT212
4792,41420,AT311
5302,50310,AT323
3824,32216,AT124
9441,20901,AT213
9631,20306,AT212
8940,61222,AT222
8200,61762,AT224
5602,50418,AT322
9710,20726,AT211
5212,41726,AT311
2011,31215,AT126
8190,61750,AT224
9170,20441,AT211
4523,41506,AT314
7540,10420,AT113
4902,41717,AT315
8241,62277,AT224
3653,31535,AT121
8411,61033,AT225
8572,61625,AT225
8844,61441,AT226
3214,32011,AT121
8624,62135,AT223
2113,31203,AT126
8122,60659,AT221
9073,20419,AT211
9433,20923,AT213
3251,32017,AT121
4841,41743,AT315
9816,20644,AT212
3814,32212,AT124
3843,32217,AT124
4720,40820,AT311
9113,20817,AT213
8504,61033,AT225
3962,30909,AT124
4162,41326,AT313
9300,20520,AT213
5162,50325,AT323
4132,41311,AT313
8352,62378,AT224
4083,40824,AT312
3163,31412,AT122
3911,32530,AT124
2003,31230,AT126
4052,40101,AT312
8694,62144,AT223
9371,20504,AT213
2094,32216,AT124
9954,70727,AT333
4816,40711,AT315
5282,40405,AT311
9552,21005,AT212
8311,62271,AT224
2112,31627,AT126
8113,60664,AT221
8750,62048,AT226
8182,61764,AT224
3642,31507,AT121
8511,60318,AT225
8211,61759,AT224
6653,70808,AT331
3470,32109,AT126
9220,20727,AT211
2640,31801,AT122
3713,31026,AT124
7035,10322,AT112
4812,41731,AT315
8160,61763,AT224
7161,10702,AT112
4152,41306,AT313
6215,70907,AT335
8522,60350,AT225
3914,32529,AT124
9560,20421,AT212
7512,10931,AT113
4893,41719,AT315
8544,60347,AT225
4572,40906,AT314
9322,20501,AT213
3443,31902,AT126
8542,60347,AT225
2812,32314,AT122
8362,62269,AT224
8152,61633,AT225
9560,21005,AT212
7540,10410,AT113
3374,31517,AT121
2880,31809,AT122
4442,30530,AT314
8674,61743,AT224
2851,32317,AT122
9373,20512,AT213
3233,31504,AT121
8333,62378,AT224
4664,40708,AT315
3572,31319,AT124
8644,62128,AT223
2632,31839,AT122
3243,31515,AT121
8441,61030,AT225
8113,60665,AT221
8082,62389,AT224
8551,60323,AT225
4230,40603,AT313
8342,62384,AT224
4575,40921,AT314
3752,31107,AT124
3664,32514,AT124
3012,31951,AT126
8355,62335,AT224
8252,62278,AT224
4211,40612,AT312
8181,61701,AT224
3004,31949,AT126
4732,40508,AT311
4360,41108,AT313
1210,31214,AT130
2081,31129,AT125
4754,41233,AT311
9314,20512,AT213
3633,32519,AT124
8294,62244,AT224
3971,30913,AT124
9112,20802,AT213
6650,70812,AT331
6073,70302,AT332
3730,31114,AT124
8740,62047,AT226
8083,62380,AT224
3873,30925,AT124
4715,40825,AT311
4690,41728,AT315
8410,61001,AT225
3385,30201,AT123
8350,62332,AT224
8614,62125,AT223
3701,31019,AT126
8282,10504,AT224
8412,61052,AT225
8734,62048,AT226
4522,41515,AT314
4680,40833,AT311
3665,32517,AT124
3243,31537,AT121
8934,61264,AT222
3652,31516,AT121
4974,41212,AT311
6176,70320,AT332
2851,31840,AT122
4521,41020,AT314
8673,61750,AT224
3652,31553,AT121
8274,62220,AT224
8102,61763,AT221
3281,32017,AT121
8234,62278,AT224
5620,50410,AT322
2630,31842,AT122
4531,41516,AT312
8652,62128,AT223
8355,62387,AT224
4323,41126,AT313
3920,32502,AT124
3752,31129,AT124
4762,41408,AT311
8443,60347,AT225
6767,70831,AT331
3541,31350,AT124
2100,31201,AT126
8264,62264,AT224
8510,60348,AT225
9181,20416,AT211
5282,40427,AT311
8181,61766,AT224
4460,41508,AT314
8225,62268,AT224
8222,62256,AT224
4732,40510,AT311
8411,60660,AT225
8265,62270,AT224
3443,31953,AT126
2351,31702,AT127
8442,61030,AT225
4115,41314,AT313
6182,70221,AT332
9711,20723,AT211
8311,62314,AT224
3620,31326,AT124
8452,61054,AT225
8670,62116,AT223
8734,62041,AT226
3844,32203,AT124
8564,61625,AT225
4320,41126,AT313
4150,41338,AT313
3435,32119,AT126
2632,31801,AT122
4850,41744,AT315
3034,31926,AT123
9811,20643,AT212
9701,20723,AT212
4741,40823,AT311
8504,61017,AT225
4892,41723,AT315
4777,41412,AT311
8960,61261,AT222
4293,40619,AT313
8583,61632,AT225
8753,62043,AT226
9131,20806,AT211
4731,40512,AT312
8345,62380,AT224
4631,40832,AT312
9300,20515,AT213
1170,91701,AT130
9413,20923,AT213
3751,31114,AT124
5083,50205,AT323
8262,61759,AT224
8454,61032,AT225
4574,40903,AT314
3021,31954,AT126
4730,40508,AT311
2812,10812,AT122
9201,20421,AT211
3921,32508,AT124
2353,31709,AT127
8324,62389,AT224
8762,62043,AT226
4112,41609,AT312
2822,32325,AT122
9111,20802,AT213
9400,20905,AT213
1230,92301,AT130
4725,41407,AT311
8463,61013,AT225
2533,30601,AT127
9556,20527,AT213
8151,60648,AT221
4322,41122,AT313
1120,91201,AT130
1190,32144,AT130
8313,62378,AT224
1210,92101,AT130
2100,31214,AT126
4193,40605,AT313
8591,61631,AT225
9563,21005,AT212
8592,62039,AT225
4672,41815,AT312
4120,41316,AT313
5424,50207,AT323
8350,10509,AT224
8580,61627,AT225
4170,41344,AT313
8564,61612,AT225
5251,40436,AT311
8662,62115,AT223
3842,32206,AT124
9800,20616,AT212
3485,31310,AT124
8200,61748,AT224
4950,40446,AT311
9201,20424,AT211
3593,31119,AT124
4752,41212,AT311
3922,30910,AT124
4184,41331,AT313
4693,41732,AT315
4962,40438,AT311
4222,41605,AT313
3363,30541,AT121
3902,32221,AT124
5400,50208,AT323
2724,31849,AT122
5120,40428,AT311
4632,40827,AT312
8343,62380,AT224
6460,70207,AT334
8674,62242,AT224
4810,40708,AT315
3851,32203,AT124
8122,60663,AT221
2381,31954,AT127
5142,40407,AT311
8820,61410,AT226
4323,41108,AT313
9173,20441,AT211
1220,92201,AT130
3270,32011,AT121
3333,30507,AT121
4114,41314,AT313
3751,31109,AT124
4180,41619,AT313
8344,62332,AT224
8553,60351,AT225
4113,41606,AT313
9062,21002,AT211
5505,50424,AT322
4540,40907,AT314
4625,41815,AT312
7431,10916,AT113
4971,41201,AT311
3264,32001,AT121
8542,60351,AT225
6654,70801,AT331
3872,30935,AT124
9345,21001,AT213
3920,32521,AT124
8224,62256,AT224
8233,62268,AT224
4692,40806,AT315
9531,20719,AT211
9451,61629,AT213
4091,41420,AT311
8524,60350,AT225
8503,60660,AT225
4780,41418,AT311
3372,30512,AT121
4971,41214,AT311
3464,31228,AT126
8010,60661,AT221
8523,60344,AT225
4202,41604,AT312
2813,32325,AT122
8113,61624,AT221
4133,41312,AT313
8551,60345,AT225
7540,10423,AT113
9173,20806,AT211
1080,90801,AT130
4971,41233,AT311
2833,32312,AT122
9623,20719,AT212
4443,41507,AT314
8384,10507,AT113
3925,40611,AT124
8720,62007,AT226
4175,41337,AT312
4793,41411,AT311
8044,60661,AT221
2564,30602,AT122
3034,31902,AT123
4352,41108,AT313
5441,50212,AT323
3204,31920,AT123
9556,21008,AT213
8541,60329,AT225
2881,31814,AT122
4320,41114,AT313
2091,31129,AT124
3233,31521,AT121
4070,40506,AT312
4192,40605,AT313
2733,31839,AT122
3292,32011,AT121
8563,61611,AT225
8580,61626,AT225
5252,40415,AT311
7304,10816,AT111
8562,60348,AT225
6542,70615,AT334
6351,70526,AT335
8422,61057,AT225
8623,62147,AT223
8160,60626,AT224
8600,62146,AT223
8580,61632,AT225
8063,60626,AT221
4491,41008,AT312
3742,31035,AT124
4182,41345,AT313
8384,10509,AT113
8680,62131,AT223
5270,40424,AT311
4372,41115,AT313
9461,20901,AT213
8510,60333,AT225
3242,32011,AT121
4362,41115,AT313
6352,70414,AT335
4963,40405,AT311
8332,62379,AT224
4771,41408,AT311
2032,31204,AT125
4645,40719,AT315
4715,40830,AT311
